{
    "batch_size": 128,
    "best_eval_metric": 294331416576.0,
    "best_increase_batch_size_eval_metric": Infinity,
    "best_reduce_learning_rate_eval_metric": Infinity,
    "epoch": 11,
    "last_improvement": 4,
    "last_improvement_epoch": 7,
    "last_increase_batch_size": 0,
    "last_increase_batch_size_epoch": 0,
    "last_increase_batch_size_eval_metric_improvement": 0,
    "last_learning_rate_reduction": 0,
    "last_learning_rate_reduction_epoch": 0,
    "last_reduce_learning_rate_eval_metric_improvement": 0,
    "learning_rate": 0.001,
    "num_increases_batch_size": 0,
    "num_reductions_learning_rate": 0,
    "steps": 194084,
    "test_metrics": {
        "Freight Charges": {
            "loss": [
                668155248640.0,
                591075409920.0,
                454187024384.0,
                511797329920.0,
                403586777088.0,
                602430308352.0,
                351644712960.0,
                623665676288.0,
                680384724992.0,
                391023493120.0,
                669144973312.0
            ],
            "mean_absolute_error": [
                64469.453125,
                64462.33203125,
                62735.13671875,
                63660.95703125,
                63393.109375,
                64297.9296875,
                66978.09375,
                69233.9921875,
                68849.0390625,
                70342.9609375,
                70070.8203125
            ],
            "mean_squared_error": [
                668155248640.0,
                591075409920.0,
                454187024384.0,
                511797329920.0,
                403586777088.0,
                602430308352.0,
                351644712960.0,
                623665676288.0,
                680384724992.0,
                391023493120.0,
                669144973312.0
            ],
            "r2": [
                0.2939496636390686,
                0.375396728515625,
                0.5200415849685669,
                0.4591665267944336,
                0.5735108852386475,
                0.36339718103408813,
                0.6283971071243286,
                0.34096062183380127,
                0.2810259461402893,
                0.5867859125137329,
                0.29290223121643066
            ],
            "root_mean_squared_error": [
                817390.5,
                768801.1875,
                673928.375,
                715390.6875,
                635281.25,
                776150.75,
                592995.5,
                789709.8125,
                824837.3125,
                625315.6875,
                817996.0625
            ],
            "root_mean_squared_percentage_error": [
                Infinity,
                Infinity,
                Infinity,
                Infinity,
                Infinity,
                Infinity,
                Infinity,
                Infinity,
                Infinity,
                Infinity,
                Infinity
            ]
        },
        "combined": {
            "loss": [
                668155248640.0,
                591075409920.0,
                454187024384.0,
                511797329920.0,
                403586777088.0,
                602430308352.0,
                351644712960.0,
                623665676288.0,
                680384724992.0,
                391023493120.0,
                669144973312.0
            ]
        }
    },
    "train_metrics": {
        "Freight Charges": {
            "loss": [
                555274338304.0,
                493272596480.0,
                387339288576.0,
                430493433856.0,
                347933638656.0,
                502797402112.0,
                310611607552.0,
                519656243200.0,
                564643233792.0,
                339408715776.0,
                555289608192.0
            ],
            "mean_absolute_error": [
                63892.03125,
                63933.9609375,
                62286.95703125,
                63059.17578125,
                62883.234375,
                63851.81640625,
                66464.375,
                68583.71875,
                68397.75,
                69779.2265625,
                69581.84375
            ],
            "mean_squared_error": [
                555274338304.0,
                493272596480.0,
                387339288576.0,
                430493433856.0,
                347933638656.0,
                502797402112.0,
                310611607552.0,
                519656243200.0,
                564643233792.0,
                339408715776.0,
                555289608192.0
            ],
            "r2": [
                0.3027644753456116,
                0.38061952590942383,
                0.5136353969573975,
                0.4594475030899048,
                0.5631141662597656,
                0.36865735054016113,
                0.6099767684936523,
                0.3474905490875244,
                0.2910001277923584,
                0.5738182067871094,
                0.30274784564971924
            ],
            "root_mean_squared_error": [
                745178.8125,
                702344.5,
                622375.375,
                656130.0625,
                589868.0,
                709092.9375,
                557333.9375,
                720883.0,
                751439.0,
                582596.875,
                745189.0625
            ],
            "root_mean_squared_percentage_error": [
                Infinity,
                Infinity,
                Infinity,
                Infinity,
                Infinity,
                Infinity,
                Infinity,
                Infinity,
                Infinity,
                Infinity,
                Infinity
            ]
        },
        "combined": {
            "loss": [
                555274338304.0,
                493272596480.0,
                387339288576.0,
                430493433856.0,
                347933638656.0,
                502797402112.0,
                310611607552.0,
                519656243200.0,
                564643233792.0,
                339408715776.0,
                555289608192.0
            ]
        }
    },
    "vali_metrics": {
        "Freight Charges": {
            "loss": [
                503720476672.0,
                451867443200.0,
                362872045568.0,
                398383448064.0,
                327688421376.0,
                460568559616.0,
                294331416576.0,
                473582436352.0,
                511928565760.0,
                319573196800.0,
                503712514048.0
            ],
            "mean_absolute_error": [
                62706.50390625,
                62680.28125,
                60997.2890625,
                61925.22265625,
                61636.953125,
                62505.97265625,
                65249.8515625,
                67516.953125,
                67039.734375,
                68629.0546875,
                68291.8984375
            ],
            "mean_squared_error": [
                503720476672.0,
                451867443200.0,
                362872045568.0,
                398383448064.0,
                327688421376.0,
                460568559616.0,
                294331416576.0,
                473582436352.0,
                511928565760.0,
                319573196800.0,
                503712514048.0
            ],
            "r2": [
                0.29935622215270996,
                0.3714643716812134,
                0.4952465891838074,
                0.44586652517318726,
                0.5441985130310059,
                0.3593512177467346,
                0.5906065702438354,
                0.3412845730781555,
                0.2879142165184021,
                0.5555074214935303,
                0.29934704303741455
            ],